timestamp,name,rung,split,n_queries,pool_size,recall@10,recall@50,mrr,f1,threshold,precision@recall0.9,p50_ms,p95_ms,usd_per_1k_queries,fit_s,git_sha
2026-10-05T10:58:09+00:00,rung01_bm25,1,val,3366,27431,0.8116,0.9173,0.7815,0.6787,0.54,0.0711,0.5923,0.9693,1.8e-05,0.2798,17472c3
2026-10-05T11:12:27+00:00,rung01b_bm25_units,1b,val,3366,27431,0.815,0.9183,0.7842,0.6822,0.57,0.0747,1.4177,1.8451,3.7e-05,1.7254,b3f5eef
2026-10-05T11:14:35+00:00,rung02_phash,2,val,3366,27431,0.8657,0.9405,0.8479,0.7435,0.61,0.1277,1.6546,1.9563,4.2e-05,0.4259,d789efe
2026-10-05T11:34:28+00:00,rung03_bge_m3,3,val,3366,27431,0.7997,0.9001,0.7742,0.6732,0.74,nan,4.7123,5.27,0.000132,0.0515,89b46ab
2026-10-05T11:34:32+00:00,rung03_e5_base,3,val,3366,27431,0.7435,0.8554,0.7292,0.6436,0.93,nan,4.2205,13.403,0.000158,0.0436,89b46ab
2026-10-05T11:34:37+00:00,rung03_mpnet_multi,3,val,3366,27431,0.6199,0.742,0.6419,0.5896,0.85,nan,3.214,4.2211,9.5e-05,0.041,89b46ab
2026-10-05T12:26:10+00:00,rung03_fasttext_mean,3,val,3366,27431,0.738,0.8695,0.7273,0.613,0.95,nan,0.7371,1.6299,2.3e-05,0.0358,4afbe85
2026-10-05T12:26:13+00:00,rung03_fasttext_idf,3,val,3366,27431,0.7612,0.8825,0.7461,0.6343,0.95,nan,1.506,5.5317,6.8e-05,0.0339,4afbe85
2026-10-05T17:26:09+00:00,rung03_bge_m3,3,val,3366,27431,0.7997,0.9001,0.774,0.6732,0.74,nan,11.6463,23.3893,0.000367,0.5197,4969933
2026-10-05T18:35:55+00:00,rung04_clip_b32,4,val,3366,27431,0.6548,0.7549,0.6832,0.6337,0.88,nan,1.8581,2.1701,5.3e-05,0.2543,4ee8447
2026-10-05T18:35:58+00:00,rung04_siglip_b16,4,val,3366,27431,0.845,0.9228,0.8171,0.6764,0.84,0.0874,3.1245,4.6839,9.4e-05,0.286,4ee8447
2026-10-05T18:36:01+00:00,rung04_dinov2_b,4,val,3366,27431,0.7806,0.8681,0.7841,0.6817,0.84,nan,2.8179,3.4952,8.3e-05,0.279,4ee8447
2026-10-05T18:36:06+00:00,rung04_swinv2_b,4,val,3366,27431,0.6748,0.7779,0.7041,0.6338,0.91,nan,10.4695,16.0383,0.000331,0.3528,4ee8447
2026-10-06T06:25:41+00:00,rung04_siglip2_b16,4,val,3366,27431,0.8524,0.9347,0.8182,0.6815,0.87,0.1071,3.9308,4.9564,0.000114,0.5149,fa4b258
2026-10-06T06:25:48+00:00,rung04_marqo_ecom_b,4,val,3366,27431,0.8589,0.9405,0.824,0.7082,0.76,0.1367,4.3797,8.8774,0.00014,0.3838,fa4b258
2026-10-06T06:39:46+00:00,rung05a_rrf,5a,val,3366,27431,0.9017,0.9803,0.8612,0.7497,0.94,0.2297,21.103,28.6029,0.000626,1.1294,c9c6923
2026-10-06T06:40:43+00:00,rung05b_learned,5b,val,3366,27431,0.9154,0.9755,0.8794,0.7812,0.56,0.3324,15.899,17.788,0.000447,1.4672,c9c6923
2026-10-06T06:40:54+00:00,rung05c_min1,5c,val,3366,27431,0.9154,0.9755,0.8794,0.7895,0.62,0.3324,16.4516,20.2624,0.00047,0.8604,c9c6923
2026-10-06T06:42:56+00:00,rung05d_expand,5d,val,3366,27431,0.9216,0.9783,0.877,0.7934,0.57,0.3658,42.6579,90.119,0.001386,14.3167,c9c6923
2026-10-06T07:17:11+00:00,rung06_minilm_multi,6,val,3366,27431,0.9288,0.9494,0.887,0.7922,0.65,nan,34.5409,42.5359,0.000981,17.8712,11c20ba
2026-10-06T07:17:46+00:00,rung06_bge_v2_m3,6,val,3366,27431,0.9291,0.9494,0.8901,0.8045,0.61,nan,45.1587,53.0596,0.001227,17.8761,11c20ba
2026-10-06T09:12:19+00:00,rung03_e5_base_nodistract,3,val,3366,3366,0.8765,0.9326,0.8682,0.7572,0.9,0.0857,0.7667,1.1755,2.3e-05,0.0578,ff8b9de
2026-10-06T09:12:20+00:00,rung03_bge_m3_nodistract,3,val,3366,3366,0.9169,0.9614,0.902,0.8117,0.66,0.2648,0.9363,1.4056,2.8e-05,0.0269,ff8b9de
2026-10-06T09:12:22+00:00,rung07a_e5ft_simcse,7a,val,3366,27431,0.7549,0.8677,0.7481,0.655,0.62,nan,2.7951,4.8664,9e-05,0.2271,ff8b9de
2026-10-06T09:12:23+00:00,rung07a_e5ft_simcse_nodistract,7a,val,3366,3366,0.8896,0.9451,0.8787,0.7873,0.49,0.1555,0.7374,1.1329,2.3e-05,0.0204,ff8b9de
2026-10-06T09:12:25+00:00,rung07a_e5ft_supervised,7a,val,3366,27431,0.8363,0.9381,0.7984,0.7033,0.72,0.1246,2.8201,5.5371,8.9e-05,0.2358,ff8b9de
2026-10-06T09:12:26+00:00,rung07a_e5ft_supervised_nodistract,7a,val,3366,3366,0.949,0.9809,0.9182,0.848,0.62,0.5544,0.7439,1.291,2.3e-05,0.0201,ff8b9de
2026-10-06T09:13:43+00:00,rung07a_fusion,7a,val,3366,27431,0.9286,0.9857,0.8785,0.804,0.56,0.3949,13.4281,14.5625,0.000373,10.5103,ff8b9de
2026-10-06T10:24:02+00:00,rung07b_rerank_ft,7b,val,3366,27431,0.9251,0.9577,0.8893,0.8109,0.53,nan,13.8389,15.106,0.000389,11.0966,6c00726
2026-10-07T17:25:03+00:00,rung07a_fusion_foldB,7a,val,3366,27431,0.9264,0.987,0.8793,0.8048,0.66,0.3914,43.5653,53.8998,0.001243,27.5873,d27fc76
2026-10-07T17:47:50+00:00,rung04_marqo_ecom_b,4,val,3366,27431,0.8589,0.9405,0.824,0.7082,0.76,0.1367,10.8442,12.072,0.000303,0.3749,d27fc76
2026-10-07T17:47:52+00:00,rung04_marqo_ecom_b_nodistract,4,val,3366,3366,0.9484,0.9799,0.9268,0.8236,0.65,0.4128,1.5362,2.073,4.5e-05,0.0677,d27fc76
2026-10-07T17:47:59+00:00,rung07c_marqo_ft,7c,val,3366,27431,0.9004,0.969,0.8572,0.754,0.78,0.3327,10.5753,12.4942,0.000286,0.6203,d27fc76
2026-10-07T17:48:00+00:00,rung07c_marqo_ft_nodistract,7c,val,3366,3366,0.9729,0.9929,0.952,0.8779,0.71,0.7998,0.9012,1.5078,2.6e-05,0.0244,d27fc76
2026-10-07T17:49:37+00:00,rung07c_fusion,7c,val,3366,27431,0.9307,0.9798,0.8929,0.8189,0.71,0.4885,48.2069,52.2753,0.001346,29.7661,d27fc76
2026-10-08T05:13:01+00:00,rung07d_rerank_ft,7d,val,3366,27431,0.9293,0.9506,0.8917,0.8185,0.56,nan,32.033,42.0825,0.00091,14.6021,022e5ae
2026-10-08T05:15:22+00:00,rung08_final,8,val,3366,27431,0.9307,0.9798,0.8929,0.8207,0.74,0.4885,35.476,46.4253,0.001004,17.8072,022e5ae
2026-10-08T05:15:33+00:00,rung01_bm25,1,test,6819,30884,0.8186,0.9111,0.7924,0.6765,0.54,nan,0.6606,1.7899,2.3e-05,0.2512,022e5ae
2026-10-08T05:15:37+00:00,rung01b_bm25_units,1b,test,6819,30884,0.8199,0.9114,0.7929,0.6768,0.57,nan,0.7725,1.723,2.8e-05,0.5296,022e5ae
2026-10-08T05:15:43+00:00,rung02_phash,2,test,6819,30884,0.8589,0.9304,0.8399,0.7256,0.61,0.1222,1.6783,2.4313,4.3e-05,0.3567,022e5ae
2026-10-08T05:16:32+00:00,rung05d_expand,5d,test,6819,30884,0.917,0.9763,0.8695,0.7755,0.57,0.325,36.795,49.9177,0.001052,23.6992,022e5ae
2026-10-08T05:17:12+00:00,rung07a_fusion,7a,test,6819,30884,0.9199,0.9823,0.8748,0.7794,0.56,0.3294,28.0433,44.6786,0.000871,19.7848,022e5ae
2026-10-08T05:17:54+00:00,rung07c_fusion,7c,test,6819,30884,0.9228,0.9714,0.8845,0.7971,0.71,0.388,29.3635,43.5792,0.000872,20.5271,022e5ae
2026-10-08T05:18:33+00:00,rung08_final,8,test,6819,30884,0.9228,0.9714,0.8845,0.7975,0.74,0.388,29.755,43.9505,0.00088,18.2,022e5ae
